1_1C08,LYS,0 
2_1C08,VAL,0 
3_1C08,PHE,0 
4_1C08,GLY,0 
5_1C08,ARG,0 
6_1C08,CYS,0 
7_1C08,GLU,0 
8_1C08,LEU,0 
9_1C08,ALA,0 
10_1C08,ALA,0 
11_1C08,ALA,0 
12_1C08,MET,0 
13_1C08,LYS,0 
14_1C08,ARG,0 
15_1C08,HIS,0 
16_1C08,GLY,0 
17_1C08,LEU,0 
18_1C08,ASP,0 
19_1C08,ASN,0 
20_1C08,TYR,0 
21_1C08,ARG,0 
22_1C08,GLY,1 
23_1C08,TYR,1 
24_1C08,SER,1 
25_1C08,LEU,0 
26_1C08,GLY,0 
27_1C08,ASN,1 
28_1C08,TRP,0 
29_1C08,VAL,0 
30_1C08,CYS,0 
31_1C08,ALA,0 
32_1C08,ALA,0 
33_1C08,LYS,0 
34_1C08,PHE,0 
35_1C08,GLU,0 
36_1C08,SER,0 
37_1C08,ASN,0 
38_1C08,PHE,0 
39_1C08,ASN,0 
40_1C08,THR,0 
41_1C08,GLN,1 
42_1C08,ALA,0 
43_1C08,THR,0 
44_1C08,ASN,0 
45_1C08,ARG,0 
46_1C08,ASN,0 
47_1C08,THR,0 
48_1C08,ASP,0 
49_1C08,GLY,0 
50_1C08,SER,0 
51_1C08,THR,0 
52_1C08,ASP,0 
53_1C08,TYR,0 
54_1C08,GLY,0 
55_1C08,ILE,0 
56_1C08,LEU,0 
57_1C08,GLN,0 
58_1C08,ILE,0 
59_1C08,ASN,0 
60_1C08,SER,0 
61_1C08,ARG,0 
62_1C08,TRP,0 
63_1C08,TRP,0 
64_1C08,CYS,0 
65_1C08,ASN,0 
66_1C08,ASP,1 
67_1C08,GLY,0 
68_1C08,ARG,1 
69_1C08,THR,0 
70_1C08,PRO,0 
71_1C08,GLY,0 
72_1C08,SER,0 
73_1C08,ARG,0 
74_1C08,ASN,0 
75_1C08,LEU,0 
76_1C08,CYS,0 
77_1C08,ASN,0 
78_1C08,ILE,0 
79_1C08,PRO,0 
80_1C08,CYS,0 
81_1C08,SER,1 
82_1C08,ALA,0 
83_1C08,LEU,0 
84_1C08,LEU,0 
85_1C08,SER,0 
86_1C08,SER,0 
87_1C08,ASP,0 
88_1C08,ILE,0 
89_1C08,THR,0 
90_1C08,ALA,0 
91_1C08,SER,0 
92_1C08,VAL,0 
93_1C08,ASN,0 
94_1C08,CYS,0 
95_1C08,ALA,0 
96_1C08,LYS,0 
97_1C08,LYS,0 
98_1C08,ILE,0 
99_1C08,VAL,0 
100_1C08,SER,0 
101_1C08,ASP,0 
102_1C08,GLY,1 
103_1C08,ASN,0 
104_1C08,GLY,0 
105_1C08,MET,0 
106_1C08,ASN,1 
107_1C08,ALA,0 
108_1C08,TRP,0 
109_1C08,VAL,0 
110_1C08,ALA,0 
111_1C08,TRP,0 
112_1C08,ARG,1 
113_1C08,ASN,1 
114_1C08,ARG,1 
115_1C08,CYS,0 
116_1C08,LYS,1 
117_1C08,GLY,1 
118_1C08,THR,1 
119_1C08,ASP,1 
120_1C08,VAL,1 
121_1C08,GLN,0 
122_1C08,ALA,0 
123_1C08,TRP,0 
124_1C08,ILE,0 
125_1C08,ARG,1 
126_1C08,GLY,0 
127_1C08,CYS,0 
128_1C08,ARG,1 
129_1C08,LEU,0 
129_1C08,LEU,0 
