36_3THM,LEU,1 
37_3THM,HIS,1 
38_3THM,HIS,1 
39_3THM,ASP,1 
40_3THM,GLY,0 
41_3THM,GLN,0 
42_3THM,PHE,1 
43_3THM,CYS,0 
44_3THM,HIS,1 
45_3THM,LYS,0 
46_3THM,PRO,0 
47_3THM,CYS,0 
48_3THM,PRO,0 
49_3THM,PRO,0 
50_3THM,GLY,0 
51_3THM,GLU,0 
52_3THM,ARG,0 
53_3THM,LYS,0 
54_3THM,ALA,1 
55_3THM,ARG,0 
56_3THM,ASP,0 
57_3THM,CYS,0 
58_3THM,THR,0 
59_3THM,VAL,1 
60_3THM,ASN,1 
61_3THM,GLY,0 
62_3THM,ASP,0 
63_3THM,GLU,0 
64_3THM,PRO,0 
65_3THM,ASP,0 
66_3THM,CYS,0 
67_3THM,VAL,0 
68_3THM,PRO,0 
69_3THM,CYS,0 
70_3THM,GLN,0 
71_3THM,GLU,0 
72_3THM,GLY,0 
73_3THM,LYS,0 
74_3THM,GLU,0 
75_3THM,TYR,1 
76_3THM,THR,0 
77_3THM,ASP,0 
78_3THM,LYS,0 
79_3THM,ALA,0 
80_3THM,HIS,0 
81_3THM,PHE,0 
82_3THM,SER,0 
83_3THM,SER,0 
84_3THM,LYS,0 
85_3THM,CYS,0 
86_3THM,ARG,1 
87_3THM,ARG,1 
88_3THM,CYS,0 
89_3THM,ARG,1 
90_3THM,LEU,1 
91_3THM,CYS,0 
94_3THM,GLY,1 
95_3THM,HIS,1 
96_3THM,GLY,1 
97_3THM,LEU,1 
98_3THM,GLU,0 
99_3THM,VAL,0 
100_3THM,GLU,0 
101_3THM,ILE,0 
102_3THM,ASN,0 
103_3THM,CYS,0 
104_3THM,THR,0 
105_3THM,ARG,0 
106_3THM,THR,0 
107_3THM,GLN,0 
108_3THM,ASN,0 
109_3THM,THR,0 
110_3THM,LYS,0 
111_3THM,CYS,0 
112_3THM,ARG,0 
113_3THM,CYS,1 
127_3THM,CYS,1 
127_3THM,CYS,1 
