33_4FQJ,THR,0 
34_4FQJ,THR,0 
35_4FQJ,THR,0 
36_4FQJ,PRO,0 
37_4FQJ,THR,0 
38_4FQJ,LYS,0 
39_4FQJ,SER,1 
40_4FQJ,TYR,1 
41_4FQJ,PHE,0 
42_4FQJ,ALA,0 
43_4FQJ,ASN,0 
44_4FQJ,LEU,0 
45_4FQJ,LYS,0 
46_4FQJ,GLY,0 
47_4FQJ,THR,0 
48_4FQJ,ARG,0 
49_4FQJ,THR,0 
50_4FQJ,ARG,0 
51_4FQJ,GLY,0 
52_4FQJ,LYS,0 
53_4FQJ,LEU,0 
54_4FQJ,CYS,0 
55_4FQJ,PRO,0 
56_4FQJ,ASP,1 
57_4FQJ,CYS,0 
58_4FQJ,LEU,1 
59_4FQJ,ASN,1 
60_4FQJ,CYS,0 
61_4FQJ,THR,0 
62_4FQJ,ASP,0 
63_4FQJ,LEU,0 
64_4FQJ,ASP,0 
65_4FQJ,VAL,0 
66_4FQJ,ALA,0 
67_4FQJ,LEU,0 
68_4FQJ,GLY,0 
69_4FQJ,ARG,0 
70_4FQJ,PRO,0 
71_4FQJ,MET,1 
72_4FQJ,CYS,0 
73_4FQJ,VAL,1 
74_4FQJ,GLY,0 
75_4FQJ,THR,0 
76_4FQJ,THR,0 
77_4FQJ,PRO,0 
78_4FQJ,SER,0 
79_4FQJ,ALA,0 
80_4FQJ,LYS,0 
81_4FQJ,ALA,0 
82_4FQJ,SER,0 
83_4FQJ,ILE,0 
84_4FQJ,LEU,0 
85_4FQJ,HIS,0 
86_4FQJ,GLU,0 
87_4FQJ,VAL,0 
88_4FQJ,LYS,0 
89_4FQJ,PRO,0 
90_4FQJ,VAL,0 
91_4FQJ,THR,0 
92_4FQJ,SER,0 
93_4FQJ,GLY,0 
94_4FQJ,CYS,0 
95_4FQJ,PHE,0 
96_4FQJ,PRO,0 
97_4FQJ,ILE,0 
98_4FQJ,MET,0 
99_4FQJ,HIS,0 
100_4FQJ,ASP,0 
101_4FQJ,ARG,0 
102_4FQJ,THR,0 
103_4FQJ,LYS,0 
104_4FQJ,ILE,0 
105_4FQJ,ARG,0 
106_4FQJ,GLN,0 
107_4FQJ,LEU,0 
108_4FQJ,PRO,0 
109_4FQJ,ASN,0 
110_4FQJ,LEU,0 
111_4FQJ,LEU,0 
112_4FQJ,ARG,0 
113_4FQJ,GLY,0 
114_4FQJ,TYR,0 
115_4FQJ,GLU,0 
116_4FQJ,ASN,0 
117_4FQJ,ILE,0 
118_4FQJ,ARG,0 
119_4FQJ,LEU,0 
120_4FQJ,SER,0 
121_4FQJ,THR,0 
122_4FQJ,GLN,0 
123_4FQJ,ASN,0 
124_4FQJ,VAL,0 
125_4FQJ,ILE,0 
126_4FQJ,ASP,0 
127_4FQJ,ALA,0 
128_4FQJ,GLU,0 
129_4FQJ,LYS,0 
130_4FQJ,ALA,0 
131_4FQJ,PRO,0 
132_4FQJ,GLY,0 
133_4FQJ,GLY,0 
134_4FQJ,PRO,0 
135_4FQJ,TYR,0 
136_4FQJ,ARG,0 
137_4FQJ,LEU,0 
138_4FQJ,GLY,0 
139_4FQJ,THR,0 
140_4FQJ,SER,0 
141_4FQJ,GLY,0 
142_4FQJ,SER,0 
143_4FQJ,CYS,0 
144_4FQJ,PRO,0 
145_4FQJ,ASN,0 
146_4FQJ,ALA,0 
147_4FQJ,THR,0 
148_4FQJ,SER,0 
149_4FQJ,LYS,0 
150_4FQJ,SER,0 
151_4FQJ,GLY,0 
152_4FQJ,PHE,0 
153_4FQJ,PHE,0 
154_4FQJ,ALA,0 
155_4FQJ,THR,0 
156_4FQJ,MET,0 
157_4FQJ,ALA,0 
158_4FQJ,TRP,0 
159_4FQJ,ALA,0 
160_4FQJ,VAL,0 
161_4FQJ,PRO,0 
162_4FQJ,LYS,0 
163_4FQJ,ASP,0 
164_4FQJ,LYS,0 
165_4FQJ,ASN,0 
166_4FQJ,ALA,0 
167_4FQJ,THR,0 
168_4FQJ,ASN,0 
169_4FQJ,PRO,0 
170_4FQJ,LEU,0 
171_4FQJ,THR,0 
172_4FQJ,VAL,0 
173_4FQJ,GLU,0 
174_4FQJ,VAL,0 
175_4FQJ,PRO,0 
176_4FQJ,TYR,0 
177_4FQJ,ILE,0 
178_4FQJ,CYS,0 
179_4FQJ,THR,0 
180_4FQJ,GLU,0 
181_4FQJ,GLY,0 
182_4FQJ,GLU,0 
183_4FQJ,ASP,0 
184_4FQJ,GLN,0 
185_4FQJ,ILE,0 
186_4FQJ,THR,0 
187_4FQJ,VAL,0 
188_4FQJ,TRP,0 
189_4FQJ,GLY,0 
190_4FQJ,PHE,0 
191_4FQJ,HIS,0 
192_4FQJ,SER,0 
193_4FQJ,ASP,0 
194_4FQJ,ASP,0 
195_4FQJ,LYS,0 
196_4FQJ,THR,0 
197_4FQJ,GLN,0 
198_4FQJ,MET,0 
199_4FQJ,LYS,0 
200_4FQJ,ASN,0 
201_4FQJ,LEU,0 
202_4FQJ,TYR,0 
203_4FQJ,GLY,0 
204_4FQJ,ASP,0 
205_4FQJ,SER,0 
206_4FQJ,ASN,0 
207_4FQJ,PRO,0 
208_4FQJ,GLN,0 
209_4FQJ,LYS,0 
210_4FQJ,PHE,0 
211_4FQJ,THR,0 
212_4FQJ,SER,0 
213_4FQJ,SER,0 
214_4FQJ,ALA,0 
215_4FQJ,ASN,0 
216_4FQJ,GLY,0 
217_4FQJ,VAL,1 
218_4FQJ,THR,0 
219_4FQJ,THR,0 
220_4FQJ,HIS,1 
221_4FQJ,TYR,0 
222_4FQJ,VAL,1 
223_4FQJ,SER,0 
224_4FQJ,GLN,0 
225_4FQJ,ILE,0 
226_4FQJ,GLY,0 
227_4FQJ,SER,0 
228_4FQJ,PHE,0 
229_4FQJ,PRO,0 
230_4FQJ,ASP,0 
231_4FQJ,GLN,0 
232_4FQJ,THR,0 
233_4FQJ,GLU,0 
234_4FQJ,ASP,0 
235_4FQJ,GLY,0 
236_4FQJ,GLY,0 
237_4FQJ,LEU,0 
238_4FQJ,PRO,0 
239_4FQJ,GLN,0 
240_4FQJ,SER,0 
241_4FQJ,GLY,0 
242_4FQJ,ARG,0 
243_4FQJ,ILE,0 
244_4FQJ,VAL,0 
245_4FQJ,VAL,0 
246_4FQJ,ASP,0 
247_4FQJ,TYR,0 
248_4FQJ,MET,0 
249_4FQJ,MET,0 
250_4FQJ,GLN,0 
251_4FQJ,LYS,0 
252_4FQJ,PRO,0 
253_4FQJ,GLY,0 
254_4FQJ,LYS,0 
255_4FQJ,THR,0 
256_4FQJ,GLY,0 
257_4FQJ,THR,0 
258_4FQJ,ILE,0 
259_4FQJ,VAL,0 
260_4FQJ,TYR,0 
261_4FQJ,GLN,0 
262_4FQJ,ARG,0 
263_4FQJ,GLY,0 
264_4FQJ,VAL,0 
265_4FQJ,LEU,0 
266_4FQJ,LEU,0 
267_4FQJ,PRO,0 
268_4FQJ,GLN,0 
269_4FQJ,LYS,0 
270_4FQJ,VAL,0 
271_4FQJ,TRP,0 
272_4FQJ,CYS,0 
273_4FQJ,ALA,0 
274_4FQJ,SER,0 
275_4FQJ,GLY,0 
276_4FQJ,ARG,1 
277_4FQJ,SER,0 
278_4FQJ,LYS,0 
279_4FQJ,VAL,0 
280_4FQJ,ILE,0 
281_4FQJ,LYS,0 
282_4FQJ,GLY,0 
283_4FQJ,SER,0 
284_4FQJ,LEU,0 
285_4FQJ,PRO,1 
286_4FQJ,LEU,0 
287_4FQJ,ILE,1 
288_4FQJ,GLY,1 
289_4FQJ,GLU,0 
290_4FQJ,ALA,0 
291_4FQJ,ASP,0 
292_4FQJ,CYS,0 
293_4FQJ,LEU,0 
294_4FQJ,HIS,0 
295_4FQJ,GLU,0 
296_4FQJ,LYS,0 
297_4FQJ,TYR,0 
298_4FQJ,GLY,0 
299_4FQJ,GLY,0 
300_4FQJ,LEU,0 
301_4FQJ,ASN,0 
302_4FQJ,LYS,0 
303_4FQJ,SER,0 
304_4FQJ,LYS,0 
305_4FQJ,PRO,0 
306_4FQJ,TYR,1 
307_4FQJ,TYR,0 
308_4FQJ,THR,0 
309_4FQJ,GLY,0 
310_4FQJ,GLU,0 
311_4FQJ,HIS,1 
312_4FQJ,ALA,0 
313_4FQJ,LYS,0 
314_4FQJ,ALA,0 
315_4FQJ,ILE,0 
316_4FQJ,GLY,0 
317_4FQJ,ASN,0 
318_4FQJ,CYS,0 
319_4FQJ,PRO,0 
320_4FQJ,ILE,1 
321_4FQJ,TRP,1 
322_4FQJ,VAL,1 
323_4FQJ,LYS,1 
324_4FQJ,THR,0 
324_4FQJ,THR,0 
