18_5GGT,ALA,0 
19_5GGT,PHE,0 
20_5GGT,THR,0 
21_5GGT,VAL,0 
22_5GGT,THR,0 
23_5GGT,VAL,0 
24_5GGT,PRO,0 
25_5GGT,LYS,0 
26_5GGT,ASP,0 
27_5GGT,LEU,1 
28_5GGT,TYR,0 
29_5GGT,VAL,1 
30_5GGT,VAL,0 
31_5GGT,GLU,1 
32_5GGT,TYR,1 
33_5GGT,GLY,0 
34_5GGT,SER,0 
35_5GGT,ASN,0 
36_5GGT,MET,0 
37_5GGT,THR,0 
38_5GGT,ILE,0 
39_5GGT,GLU,0 
40_5GGT,CYS,0 
41_5GGT,LYS,0 
42_5GGT,PHE,0 
43_5GGT,PRO,0 
44_5GGT,VAL,0 
45_5GGT,GLU,1 
46_5GGT,LYS,0 
47_5GGT,GLN,0 
48_5GGT,LEU,0 
49_5GGT,ASP,0 
50_5GGT,LEU,0 
51_5GGT,ALA,0 
52_5GGT,ALA,1 
53_5GGT,LEU,0 
54_5GGT,ILE,1 
55_5GGT,VAL,0 
56_5GGT,TYR,1 
57_5GGT,TRP,0 
58_5GGT,GLU,0 
59_5GGT,MET,0 
60_5GGT,GLU,0 
61_5GGT,ASP,0 
62_5GGT,LYS,0 
63_5GGT,ASN,0 
64_5GGT,ILE,0 
65_5GGT,ILE,0 
66_5GGT,GLN,1 
67_5GGT,PHE,0 
68_5GGT,VAL,0 
69_5GGT,HIS,1 
70_5GGT,GLY,0 
71_5GGT,GLU,0 
72_5GGT,GLU,0 
73_5GGT,ASP,0 
74_5GGT,LEU,0 
75_5GGT,LYS,0 
76_5GGT,VAL,0 
77_5GGT,GLN,0 
78_5GGT,HIS,0 
79_5GGT,SER,0 
80_5GGT,SER,0 
81_5GGT,TYR,0 
82_5GGT,ARG,0 
83_5GGT,GLN,0 
84_5GGT,ARG,0 
85_5GGT,ALA,0 
86_5GGT,ARG,0 
87_5GGT,LEU,0 
88_5GGT,LEU,0 
89_5GGT,LYS,0 
90_5GGT,ASP,0 
91_5GGT,GLN,0 
92_5GGT,LEU,0 
93_5GGT,SER,0 
94_5GGT,LEU,0 
95_5GGT,GLY,0 
96_5GGT,ASN,0 
97_5GGT,ALA,0 
98_5GGT,ALA,0 
99_5GGT,LEU,0 
100_5GGT,GLN,0 
101_5GGT,ILE,0 
102_5GGT,THR,0 
103_5GGT,ASP,0 
104_5GGT,VAL,0 
105_5GGT,LYS,0 
106_5GGT,LEU,0 
107_5GGT,GLN,0 
108_5GGT,ASP,0 
109_5GGT,ALA,0 
110_5GGT,GLY,0 
111_5GGT,VAL,0 
112_5GGT,TYR,0 
113_5GGT,ARG,1 
114_5GGT,CYS,0 
115_5GGT,MET,1 
116_5GGT,ILE,0 
117_5GGT,SER,1 
118_5GGT,TYR,1 
119_5GGT,GLY,1 
120_5GGT,GLY,1 
121_5GGT,ALA,1 
122_5GGT,ASP,1 
123_5GGT,TYR,1 
124_5GGT,LYS,0 
125_5GGT,ARG,0 
126_5GGT,ILE,0 
127_5GGT,THR,0 
128_5GGT,VAL,0 
129_5GGT,LYS,0 
130_5GGT,VAL,0 
131_5GGT,ASN,0 
132_5GGT,ALA,0 
133_5GGT,PRO,1 
133_5GGT,PRO,1 
