1,1449,A,ALA
2,1450,C,CYS
3,1451,E,GLU
4,1452,L,LEU
5,1453,P,PRO
6,1454,E,GLU
7,1455,C,CYS
8,1456,Q,GLN
9,1457,E,GLU
10,1458,D,ASP
11,1459,A,ALA
12,1460,G,GLY
13,1461,N,ASN
14,1462,K,LYS
15,1463,V,VAL
16,1464,C,CYS
17,1465,S,SER
18,1466,L,LEU
19,1467,Q,GLN
20,1468,C,CYS
21,1469,N,ASN
22,1470,N,ASN
23,1471,H,HIS
24,1472,A,ALA
25,1473,C,CYS
26,1474,G,GLY
27,1475,W,TRP
28,1476,D,ASP
29,1477,G,GLY
30,1478,G,GLY
31,1479,D,ASP
32,1480,C,CYS
33,1481,S,SER
34,1482,L,LEU
35,1483,N,ASN
36,1484,F,PHE
37,1485,N,ASN
38,1486,D,ASP
39,1487,P,PRO
40,1488,W,TRP
41,1489,K,LYS
42,1490,N,ASN
43,1491,C,CYS
44,1492,T,THR
45,1493,Q,GLN
46,1494,S,SER
47,1495,L,LEU
48,1496,Q,GLN
49,1497,C,CYS
50,1498,W,TRP
51,1499,K,LYS
52,1500,Y,TYR
53,1501,F,PHE
54,1502,S,SER
55,1503,D,ASP
56,1504,G,GLY
57,1505,H,HIS
58,1506,C,CYS
59,1507,D,ASP
60,1508,S,SER
61,1509,Q,GLN
62,1510,C,CYS
63,1511,N,ASN
64,1512,S,SER
65,1513,A,ALA
66,1514,G,GLY
67,1515,C,CYS
68,1516,L,LEU
69,1517,F,PHE
70,1518,D,ASP
71,1519,G,GLY
72,1520,F,PHE
73,1521,D,ASP
74,1522,C,CYS
75,1523,Q,GLN
76,1524,R,ARG
77,1525,A,ALA
78,1526,E,GLU
79,1527,G,GLY
80,1528,Q,GLN
81,1529,C,CYS
82,1530,N,ASN
83,1531,P,PRO
84,1532,L,LEU
85,1533,Y,TYR
86,1534,D,ASP
87,1535,Q,GLN
88,1536,Y,TYR
89,1537,C,CYS
90,1538,K,LYS
91,1539,D,ASP
92,1540,H,HIS
93,1541,F,PHE
94,1542,S,SER
95,1543,D,ASP
96,1544,G,GLY
97,1545,H,HIS
98,1546,C,CYS
99,1547,D,ASP
100,1548,Q,GLN
101,1549,G,GLY
102,1550,C,CYS
103,1551,N,ASN
104,1552,S,SER
105,1553,A,ALA
106,1554,E,GLU
107,1555,C,CYS
108,1556,E,GLU
109,1557,W,TRP
110,1558,D,ASP
111,1559,G,GLY
112,1560,L,LEU
113,1561,D,ASP
114,1562,C,CYS
115,1563,A,ALA
116,1564,E,GLU
117,1565,H,HIS
118,1566,V,VAL
119,1567,P,PRO
120,1568,E,GLU
121,1569,R,ARG
122,1570,L,LEU
123,1571,A,ALA
124,1572,A,ALA
125,1573,G,GLY
126,1574,T,THR
127,1575,L,LEU
128,1576,V,VAL
129,1577,V,VAL
130,1578,V,VAL
131,1579,V,VAL
132,1580,L,LEU
133,1581,M,MET
134,1582,P,PRO
135,1583,P,PRO
136,1584,E,GLU
137,1585,Q,GLN
138,1586,L,LEU
139,1587,R,ARG
140,1588,N,ASN
141,1589,S,SER
142,1590,S,SER
143,1591,F,PHE
144,1592,H,HIS
145,1593,F,PHE
146,1594,L,LEU
147,1595,R,ARG
148,1596,E,GLU
149,1597,L,LEU
150,1598,S,SER
151,1599,R,ARG
152,1600,V,VAL
153,1601,L,LEU
154,1602,H,HIS
155,1603,T,THR
156,1604,N,ASN
157,1605,V,VAL
158,1606,V,VAL
159,1607,F,PHE
160,1608,K,LYS
161,1609,R,ARG
162,1610,D,ASP
163,1611,A,ALA
164,1612,H,HIS
165,1613,G,GLY
166,1614,Q,GLN
167,1615,Q,GLN
168,1616,M,MET
169,1617,I,ILE
170,1618,F,PHE
171,1619,P,PRO
172,1620,Y,TYR
173,1621,Y,TYR
174,1622,G,GLY
175,1670,M,MET
176,1671,D,ASP
177,1672,V,VAL
178,1673,R,ARG
179,1674,G,GLY
180,1675,S,SER
181,1676,I,ILE
182,1677,V,VAL
183,1678,Y,TYR
184,1679,L,LEU
185,1680,E,GLU
186,1681,I,ILE
187,1682,D,ASP
188,1683,N,ASN
189,1684,R,ARG
190,1685,Q,GLN
191,1686,C,CYS
192,1687,V,VAL
193,1688,Q,GLN
194,1689,A,ALA
195,1690,S,SER
196,1691,S,SER
197,1692,Q,GLN
198,1693,C,CYS
199,1694,F,PHE
200,1695,Q,GLN
201,1696,S,SER
202,1697,A,ALA
203,1698,T,THR
204,1699,D,ASP
205,1700,V,VAL
206,1701,A,ALA
207,1702,A,ALA
208,1703,F,PHE
209,1704,L,LEU
210,1705,G,GLY
211,1706,A,ALA
212,1707,L,LEU
213,1708,A,ALA
214,1709,S,SER
215,1710,L,LEU
216,1711,G,GLY
217,1712,S,SER
218,1713,L,LEU
219,1714,N,ASN
220,1715,I,ILE
221,1716,P,PRO
222,1717,Y,TYR
223,1718,K,LYS
224,1719,I,ILE
225,1720,E,GLU
226,1721,A,ALA
227,1722,V,VAL
228,1723,Q,GLN
229,1724,S,SER
230,1725,E,GLU
231,1726,T,THR
232,1727,V,VAL
