2174_1IQD,CYS,0 
2175_1IQD,SER,0 
2176_1IQD,MET,0 
2177_1IQD,PRO,0 
2178_1IQD,LEU,0 
2179_1IQD,GLY,0 
2180_1IQD,MET,0 
2181_1IQD,GLU,0 
2182_1IQD,SER,0 
2183_1IQD,LYS,0 
2184_1IQD,ALA,0 
2185_1IQD,ILE,0 
2186_1IQD,SER,0 
2187_1IQD,ASP,0 
2188_1IQD,ALA,0 
2189_1IQD,GLN,0 
2190_1IQD,ILE,0 
2191_1IQD,THR,0 
2192_1IQD,ALA,0 
2193_1IQD,SER,0 
2194_1IQD,SER,0 
2195_1IQD,TYR,1 
2196_1IQD,PHE,0 
2197_1IQD,THR,1 
2198_1IQD,ASN,1 
2199_1IQD,MET,1 
2200_1IQD,PHE,1 
2201_1IQD,ALA,1 
2202_1IQD,THR,1 
2203_1IQD,TRP,0 
2204_1IQD,SER,0 
2205_1IQD,PRO,0 
2206_1IQD,SER,0 
2207_1IQD,LYS,0 
2208_1IQD,ALA,0 
2209_1IQD,ARG,0 
2210_1IQD,LEU,0 
2211_1IQD,HIS,0 
2212_1IQD,LEU,0 
2213_1IQD,GLN,0 
2214_1IQD,GLY,0 
2215_1IQD,ARG,1 
2216_1IQD,SER,0 
2217_1IQD,ASN,0 
2218_1IQD,ALA,0 
2219_1IQD,TRP,0 
2220_1IQD,ARG,0 
2221_1IQD,PRO,0 
2222_1IQD,GLN,1 
2223_1IQD,VAL,0 
2224_1IQD,ASN,0 
2225_1IQD,ASN,0 
2226_1IQD,PRO,0 
2227_1IQD,LYS,0 
2228_1IQD,GLU,0 
2229_1IQD,TRP,0 
2230_1IQD,LEU,0 
2231_1IQD,GLN,0 
2232_1IQD,VAL,0 
2233_1IQD,ASP,0 
2234_1IQD,PHE,0 
2235_1IQD,GLN,0 
2236_1IQD,LYS,0 
2237_1IQD,THR,0 
2238_1IQD,MET,0 
2239_1IQD,LYS,0 
2240_1IQD,VAL,0 
2241_1IQD,THR,0 
2242_1IQD,GLY,0 
2243_1IQD,VAL,0 
2244_1IQD,THR,0 
2245_1IQD,THR,0 
2246_1IQD,GLN,0 
2247_1IQD,GLY,0 
2248_1IQD,VAL,0 
2249_1IQD,LYS,1 
2250_1IQD,SER,1 
2251_1IQD,LEU,1 
2252_1IQD,LEU,1 
2253_1IQD,THR,1 
2254_1IQD,SER,0 
2255_1IQD,MET,0 
2256_1IQD,TYR,0 
2257_1IQD,VAL,0 
2258_1IQD,LYS,0 
2259_1IQD,GLU,0 
2260_1IQD,PHE,0 
2261_1IQD,LEU,0 
2262_1IQD,ILE,0 
2263_1IQD,SER,0 
2264_1IQD,SER,0 
2265_1IQD,SER,0 
2266_1IQD,GLN,0 
2267_1IQD,ASP,0 
2268_1IQD,GLY,0 
2269_1IQD,HIS,1 
2270_1IQD,GLN,1 
2271_1IQD,TRP,0 
2272_1IQD,THR,1 
2273_1IQD,LEU,1 
2274_1IQD,PHE,0 
2275_1IQD,PHE,0 
2276_1IQD,GLN,0 
2277_1IQD,ASN,0 
2278_1IQD,GLY,0 
2279_1IQD,LYS,0 
2280_1IQD,VAL,0 
2281_1IQD,LYS,0 
2282_1IQD,VAL,0 
2283_1IQD,PHE,0 
2284_1IQD,GLN,0 
2285_1IQD,GLY,0 
2286_1IQD,ASN,0 
2287_1IQD,GLN,0 
2288_1IQD,ASP,0 
2289_1IQD,SER,0 
2290_1IQD,PHE,1 
2291_1IQD,THR,0 
2292_1IQD,PRO,0 
2293_1IQD,VAL,0 
2294_1IQD,VAL,0 
2295_1IQD,ASN,0 
2296_1IQD,CYS,0 
2297_1IQD,LEU,0 
2298_1IQD,ASP,0 
2299_1IQD,PRO,0 
2300_1IQD,PRO,0 
2301_1IQD,LEU,0 
2302_1IQD,LEU,0 
2303_1IQD,THR,0 
2304_1IQD,ARG,0 
2305_1IQD,TYR,0 
2306_1IQD,LEU,0 
2307_1IQD,ARG,0 
2308_1IQD,ILE,0 
2309_1IQD,HIS,0 
2310_1IQD,PRO,0 
2311_1IQD,GLN,0 
2312_1IQD,SER,0 
2313_1IQD,TRP,0 
2314_1IQD,VAL,0 
2315_1IQD,HIS,1 
2316_1IQD,GLN,0 
2317_1IQD,ILE,0 
2318_1IQD,ALA,0 
2319_1IQD,LEU,0 
2320_1IQD,ARG,0 
2321_1IQD,MET,0 
2322_1IQD,GLU,0 
2323_1IQD,VAL,0 
2324_1IQD,LEU,0 
2325_1IQD,GLY,0 
2326_1IQD,CYS,0 
2327_1IQD,GLU,0 
2328_1IQD,ALA,0 
2329_1IQD,GLN,0 
2329_1IQD,GLN,0 
