2_4G6M,PRO,1 
3_4G6M,VAL,0 
4_4G6M,ARG,1 
5_4G6M,SER,1 
6_4G6M,LEU,1 
7_4G6M,ASN,1 
8_4G6M,CYS,0 
9_4G6M,THR,0 
10_4G6M,LEU,0 
11_4G6M,ARG,1 
12_4G6M,ASP,0 
13_4G6M,SER,0 
14_4G6M,GLN,0 
15_4G6M,GLN,1 
16_4G6M,LYS,0 
17_4G6M,SER,0 
18_4G6M,LEU,0 
19_4G6M,VAL,0 
20_4G6M,MET,0 
21_4G6M,SER,0 
22_4G6M,GLY,0 
23_4G6M,PRO,0 
24_4G6M,TYR,0 
25_4G6M,GLU,0 
26_4G6M,LEU,0 
27_4G6M,LYS,0 
28_4G6M,ALA,0 
29_4G6M,LEU,0 
30_4G6M,HIS,0 
31_4G6M,LEU,0 
32_4G6M,GLN,0 
33_4G6M,GLY,1 
34_4G6M,GLN,1 
35_4G6M,ASP,0 
36_4G6M,MET,1 
37_4G6M,GLU,1 
38_4G6M,GLN,0 
39_4G6M,GLN,0 
40_4G6M,VAL,0 
41_4G6M,VAL,0 
42_4G6M,PHE,0 
43_4G6M,SER,0 
44_4G6M,MET,0 
45_4G6M,SER,0 
46_4G6M,PHE,1 
47_4G6M,VAL,0 
48_4G6M,GLN,0 
49_4G6M,GLY,0 
50_4G6M,GLU,0 
51_4G6M,GLU,0 
52_4G6M,SER,0 
53_4G6M,ASN,0 
54_4G6M,ASP,0 
55_4G6M,LYS,0 
56_4G6M,ILE,0 
57_4G6M,PRO,0 
58_4G6M,VAL,0 
59_4G6M,ALA,0 
60_4G6M,LEU,0 
61_4G6M,GLY,0 
62_4G6M,LEU,0 
63_4G6M,LYS,0 
64_4G6M,GLU,0 
65_4G6M,LYS,0 
66_4G6M,ASN,0 
67_4G6M,LEU,0 
68_4G6M,TYR,0 
69_4G6M,LEU,0 
70_4G6M,SER,0 
71_4G6M,CYS,0 
72_4G6M,VAL,0 
73_4G6M,LEU,0 
74_4G6M,LYS,0 
75_4G6M,ASP,0 
76_4G6M,ASP,0 
77_4G6M,LYS,0 
78_4G6M,PRO,0 
79_4G6M,THR,0 
80_4G6M,LEU,0 
81_4G6M,GLN,0 
82_4G6M,LEU,0 
83_4G6M,GLU,0 
84_4G6M,SER,0 
85_4G6M,VAL,0 
86_4G6M,ASP,0 
87_4G6M,PRO,0 
88_4G6M,LYS,0 
89_4G6M,ASN,0 
90_4G6M,TYR,0 
91_4G6M,PRO,0 
92_4G6M,LYS,0 
93_4G6M,LYS,1 
94_4G6M,LYS,0 
95_4G6M,MET,0 
96_4G6M,GLU,0 
97_4G6M,LYS,0 
98_4G6M,ARG,0 
99_4G6M,PHE,0 
100_4G6M,VAL,0 
101_4G6M,PHE,0 
102_4G6M,ASN,0 
103_4G6M,LYS,0 
104_4G6M,ILE,0 
105_4G6M,GLU,0 
106_4G6M,ILE,0 
107_4G6M,ASN,0 
108_4G6M,ASN,0 
109_4G6M,LYS,0 
110_4G6M,LEU,0 
111_4G6M,GLU,0 
112_4G6M,PHE,0 
113_4G6M,GLU,0 
114_4G6M,SER,0 
115_4G6M,ALA,0 
116_4G6M,GLN,0 
117_4G6M,PHE,0 
118_4G6M,PRO,0 
119_4G6M,ASN,0 
120_4G6M,TRP,0 
121_4G6M,TYR,0 
122_4G6M,ILE,0 
123_4G6M,SER,0 
124_4G6M,THR,0 
125_4G6M,SER,0 
126_4G6M,GLN,0 
127_4G6M,ALA,0 
128_4G6M,GLU,0 
129_4G6M,ASN,0 
130_4G6M,MET,0 
131_4G6M,PRO,1 
132_4G6M,VAL,0 
133_4G6M,PHE,0 
134_4G6M,LEU,0 
135_4G6M,GLY,0 
136_4G6M,GLY,0 
137_4G6M,THR,1 
138_4G6M,LYS,1 
139_4G6M,GLY,0 
140_4G6M,GLY,0 
141_4G6M,GLN,0 
142_4G6M,ASP,0 
143_4G6M,ILE,0 
144_4G6M,THR,0 
145_4G6M,ASP,0 
146_4G6M,PHE,0 
147_4G6M,THR,0 
148_4G6M,MET,1 
149_4G6M,GLN,1 
150_4G6M,PHE,1 
151_4G6M,VAL,1 
151_4G6M,VAL,1 
