31_4HJ0,THR,0 
32_4HJ0,ALA,1 
33_4HJ0,GLY,0 
34_4HJ0,GLU,0 
35_4HJ0,LEU,1 
36_4HJ0,TYR,1 
37_4HJ0,GLN,0 
38_4HJ0,ARG,0 
39_4HJ0,TRP,1 
40_4HJ0,GLU,0 
41_4HJ0,ARG,0 
42_4HJ0,TYR,0 
43_4HJ0,ARG,1 
44_4HJ0,ARG,0 
45_4HJ0,GLU,0 
46_4HJ0,CYS,0 
47_4HJ0,GLN,0 
48_4HJ0,GLU,0 
49_4HJ0,THR,0 
50_4HJ0,LEU,0 
51_4HJ0,ALA,0 
52_4HJ0,ALA,0 
53_4HJ0,ALA,0 
54_4HJ0,GLU,0 
55_4HJ0,PRO,0 
56_4HJ0,PRO,0 
57_4HJ0,SER,0 
58_4HJ0,GLY,0 
59_4HJ0,LEU,0 
60_4HJ0,ALA,0 
61_4HJ0,CYS,0 
62_4HJ0,ASN,0 
63_4HJ0,GLY,0 
64_4HJ0,SER,0 
65_4HJ0,PHE,1 
66_4HJ0,ASP,1 
67_4HJ0,MET,1 
68_4HJ0,TYR,1 
69_4HJ0,VAL,0 
70_4HJ0,CYS,0 
71_4HJ0,TRP,0 
72_4HJ0,ASP,0 
73_4HJ0,TYR,0 
74_4HJ0,ALA,0 
75_4HJ0,ALA,0 
76_4HJ0,PRO,0 
77_4HJ0,ASN,0 
78_4HJ0,ALA,0 
79_4HJ0,THR,0 
80_4HJ0,ALA,0 
81_4HJ0,ARG,0 
82_4HJ0,ALA,0 
83_4HJ0,SER,1 
84_4HJ0,CYS,0 
85_4HJ0,PRO,0 
86_4HJ0,TRP,1 
87_4HJ0,TYR,0 
88_4HJ0,LEU,0 
89_4HJ0,PRO,0 
90_4HJ0,TRP,1 
91_4HJ0,HIS,0 
92_4HJ0,HIS,0 
93_4HJ0,HIS,0 
94_4HJ0,VAL,0 
95_4HJ0,ALA,0 
96_4HJ0,ALA,0 
97_4HJ0,GLY,0 
98_4HJ0,PHE,0 
99_4HJ0,VAL,0 
100_4HJ0,LEU,1 
101_4HJ0,ARG,0 
102_4HJ0,GLN,1 
103_4HJ0,CYS,0 
104_4HJ0,GLY,0 
105_4HJ0,SER,0 
106_4HJ0,ASP,0 
107_4HJ0,GLY,0 
108_4HJ0,GLN,1 
109_4HJ0,TRP,0 
110_4HJ0,GLY,0 
111_4HJ0,LEU,1 
112_4HJ0,TRP,1 
113_4HJ0,ARG,1 
114_4HJ0,ASP,1 
115_4HJ0,HIS,1 
116_4HJ0,THR,0 
117_4HJ0,GLN,0 
118_4HJ0,CYS,0 
119_4HJ0,GLU,0 
120_4HJ0,ASN,0 
121_4HJ0,PRO,0 
122_4HJ0,GLU,0 
122_4HJ0,GLU,0 
