30_5T5F,GLY,0 
31_5T5F,LEU,0 
32_5T5F,GLN,0 
33_5T5F,SER,0 
34_5T5F,LEU,0 
35_5T5F,THR,0 
36_5T5F,LEU,0 
37_5T5F,ASP,0 
38_5T5F,GLN,0 
39_5T5F,SER,0 
40_5T5F,VAL,0 
41_5T5F,ARG,0 
42_5T5F,LYS,0 
43_5T5F,ASN,0 
44_5T5F,GLU,0 
45_5T5F,LYS,0 
46_5T5F,LEU,0 
47_5T5F,LYS,0 
48_5T5F,LEU,0 
49_5T5F,ALA,0 
50_5T5F,ALA,0 
51_5T5F,GLN,0 
52_5T5F,GLY,0 
53_5T5F,ALA,0 
54_5T5F,GLU,0 
55_5T5F,LYS,0 
56_5T5F,THR,0 
57_5T5F,TYR,0 
58_5T5F,GLY,0 
59_5T5F,ASN,0 
60_5T5F,GLY,0 
61_5T5F,ASP,0 
62_5T5F,SER,0 
63_5T5F,LEU,0 
64_5T5F,ASN,0 
65_5T5F,THR,0 
66_5T5F,GLY,0 
67_5T5F,LYS,0 
68_5T5F,LEU,0 
69_5T5F,LYS,0 
70_5T5F,ASN,0 
71_5T5F,ASP,0 
72_5T5F,LYS,0 
73_5T5F,VAL,0 
74_5T5F,SER,0 
75_5T5F,ARG,0 
76_5T5F,PHE,0 
77_5T5F,ASP,0 
78_5T5F,PHE,0 
79_5T5F,ILE,0 
80_5T5F,ARG,0 
81_5T5F,GLN,0 
82_5T5F,ILE,1 
83_5T5F,GLU,1 
84_5T5F,VAL,1 
85_5T5F,ASP,1 
86_5T5F,GLY,1 
87_5T5F,GLN,1 
88_5T5F,LEU,1 
89_5T5F,ILE,1 
90_5T5F,THR,1 
91_5T5F,LEU,1 
92_5T5F,GLU,0 
93_5T5F,SER,0 
94_5T5F,GLY,0 
95_5T5F,GLU,0 
96_5T5F,PHE,0 
97_5T5F,GLN,0 
98_5T5F,VAL,0 
99_5T5F,TYR,0 
100_5T5F,LYS,0 
101_5T5F,GLN,0 
102_5T5F,SER,0 
103_5T5F,HIS,0 
104_5T5F,SER,0 
105_5T5F,ALA,0 
106_5T5F,LEU,0 
107_5T5F,THR,0 
108_5T5F,ALA,0 
109_5T5F,PHE,0 
110_5T5F,GLN,0 
111_5T5F,THR,0 
112_5T5F,GLU,0 
113_5T5F,GLN,0 
114_5T5F,ILE,0 
115_5T5F,GLN,1 
116_5T5F,ASP,1 
117_5T5F,SER,1 
118_5T5F,GLU,1 
119_5T5F,HIS,1 
120_5T5F,SER,1 
121_5T5F,GLY,1 
122_5T5F,LYS,1 
123_5T5F,MET,1 
124_5T5F,VAL,1 
125_5T5F,ALA,0 
126_5T5F,LYS,0 
127_5T5F,ARG,0 
128_5T5F,GLN,0 
129_5T5F,PHE,0 
130_5T5F,ARG,0 
131_5T5F,ILE,0 
132_5T5F,GLY,0 
133_5T5F,ASP,0 
134_5T5F,ILE,0 
135_5T5F,ALA,0 
136_5T5F,GLY,0 
137_5T5F,GLU,0 
138_5T5F,HIS,0 
139_5T5F,THR,0 
140_5T5F,SER,0 
141_5T5F,PHE,0 
142_5T5F,ASP,0 
143_5T5F,LYS,0 
144_5T5F,LEU,0 
145_5T5F,PRO,0 
146_5T5F,GLU,0 
147_5T5F,GLY,0 
148_5T5F,GLY,0 
149_5T5F,ARG,0 
150_5T5F,ALA,0 
151_5T5F,THR,0 
152_5T5F,TYR,0 
153_5T5F,ARG,0 
154_5T5F,GLY,0 
155_5T5F,THR,0 
156_5T5F,ALA,0 
157_5T5F,PHE,0 
158_5T5F,GLY,0 
159_5T5F,SER,0 
160_5T5F,ASP,0 
161_5T5F,ASP,0 
162_5T5F,ALA,0 
163_5T5F,GLY,0 
164_5T5F,GLY,0 
165_5T5F,LYS,0 
166_5T5F,LEU,0 
167_5T5F,THR,0 
168_5T5F,TYR,0 
169_5T5F,THR,0 
170_5T5F,ILE,0 
171_5T5F,ASP,0 
172_5T5F,PHE,0 
173_5T5F,ALA,0 
174_5T5F,ALA,0 
175_5T5F,LYS,0 
176_5T5F,GLN,0 
177_5T5F,GLY,0 
178_5T5F,ASN,0 
179_5T5F,GLY,0 
180_5T5F,LYS,0 
181_5T5F,ILE,0 
182_5T5F,GLU,0 
183_5T5F,HIS,0 
184_5T5F,LEU,0 
185_5T5F,LYS,0 
186_5T5F,SER,0 
187_5T5F,PRO,0 
188_5T5F,GLU,0 
189_5T5F,LEU,0 
190_5T5F,ASN,0 
191_5T5F,VAL,0 
192_5T5F,ASP,0 
193_5T5F,LEU,0 
194_5T5F,ALA,0 
195_5T5F,ALA,0 
196_5T5F,ALA,0 
197_5T5F,ASP,0 
198_5T5F,ILE,0 
199_5T5F,LYS,0 
200_5T5F,PRO,0 
201_5T5F,ASP,0 
202_5T5F,GLY,0 
203_5T5F,LYS,0 
204_5T5F,ARG,0 
205_5T5F,HIS,0 
206_5T5F,ALA,0 
207_5T5F,VAL,0 
208_5T5F,ILE,0 
209_5T5F,SER,0 
210_5T5F,GLY,0 
211_5T5F,SER,0 
212_5T5F,VAL,0 
213_5T5F,LEU,0 
214_5T5F,TYR,0 
215_5T5F,ASN,0 
216_5T5F,GLN,0 
217_5T5F,ALA,0 
218_5T5F,GLU,0 
219_5T5F,LYS,0 
220_5T5F,GLY,0 
221_5T5F,SER,0 
222_5T5F,TYR,0 
223_5T5F,SER,0 
224_5T5F,LEU,0 
225_5T5F,GLY,0 
226_5T5F,ILE,0 
227_5T5F,PHE,0 
228_5T5F,GLY,0 
229_5T5F,GLY,0 
230_5T5F,LYS,0 
231_5T5F,ALA,0 
232_5T5F,GLN,0 
233_5T5F,GLU,0 
234_5T5F,VAL,0 
235_5T5F,ALA,0 
236_5T5F,GLY,0 
237_5T5F,SER,0 
238_5T5F,ALA,0 
239_5T5F,GLU,0 
240_5T5F,VAL,0 
241_5T5F,LYS,0 
242_5T5F,THR,0 
243_5T5F,VAL,0 
244_5T5F,ASN,0 
245_5T5F,GLY,0 
246_5T5F,ILE,0 
247_5T5F,ARG,0 
248_5T5F,HIS,0 
249_5T5F,ILE,0 
250_5T5F,GLY,0 
251_5T5F,LEU,0 
252_5T5F,ALA,0 
253_5T5F,ALA,0 
254_5T5F,LYS,0 
255_5T5F,GLN,0 
255_5T5F,GLN,0 
