44_3TGT,VAL,0 
45_3TGT,TRP,0 
46_3TGT,LYS,0 
47_3TGT,ASP,0 
48_3TGT,ALA,0 
49_3TGT,ASP,0 
50_3TGT,THR,0 
51_3TGT,THR,0 
52_3TGT,LEU,0 
53_3TGT,PHE,0 
54_3TGT,CYS,0 
55_3TGT,ALA,0 
56_3TGT,SER,0 
57_3TGT,ASP,0 
58_3TGT,ALA,0 
59_3TGT,LYS,0 
60_3TGT,ALA,0 
61_3TGT,HIS,0 
62_3TGT,GLU,0 
63_3TGT,THR,0 
64_3TGT,GLU,0 
65_3TGT,VAL,0 
66_3TGT,HIS,0 
67_3TGT,ASN,0 
68_3TGT,VAL,0 
69_3TGT,TRP,0 
70_3TGT,ALA,0 
71_3TGT,THR,0 
72_3TGT,HIS,0 
73_3TGT,ALA,0 
74_3TGT,CYS,0 
75_3TGT,VAL,0 
76_3TGT,PRO,0 
77_3TGT,THR,0 
78_3TGT,ASP,0 
79_3TGT,PRO,0 
80_3TGT,ASN,0 
81_3TGT,PRO,0 
82_3TGT,GLN,0 
83_3TGT,GLU,0 
84_3TGT,ILE,0 
85_3TGT,HIS,0 
86_3TGT,LEU,0 
87_3TGT,GLU,0 
88_3TGT,ASN,0 
89_3TGT,VAL,0 
90_3TGT,THR,0 
91_3TGT,GLU,0 
92_3TGT,ASN,0 
93_3TGT,PHE,0 
94_3TGT,ASN,0 
95_3TGT,MET,0 
96_3TGT,TRP,1 
97_3TGT,LYS,1 
98_3TGT,ASN,0 
99_3TGT,ASN,0 
100_3TGT,MET,0 
101_3TGT,VAL,0 
102_3TGT,GLU,0 
103_3TGT,GLN,0 
104_3TGT,MET,0 
105_3TGT,GLN,0 
106_3TGT,GLU,0 
107_3TGT,ASP,0 
108_3TGT,VAL,0 
109_3TGT,ILE,0 
110_3TGT,SER,0 
111_3TGT,LEU,0 
112_3TGT,TRP,0 
113_3TGT,ASP,0 
114_3TGT,GLN,0 
115_3TGT,SER,0 
116_3TGT,LEU,0 
117_3TGT,GLN,0 
118_3TGT,PRO,0 
119_3TGT,CYS,0 
120_3TGT,VAL,0 
121_3TGT,LYS,0 
122_3TGT,LEU,0 
123_3TGT,THR,0 
124_3TGT,GLY,0 
198_3TGT,GLY,0 
199_3TGT,SER,0 
200_3TGT,VAL,0 
201_3TGT,ILE,0 
202_3TGT,LYS,0 
203_3TGT,GLN,0 
204_3TGT,ALA,0 
205_3TGT,CYS,0 
206_3TGT,PRO,0 
207_3TGT,LYS,0 
208_3TGT,ILE,0 
209_3TGT,SER,0 
210_3TGT,PHE,0 
211_3TGT,ASP,0 
212_3TGT,PRO,0 
213_3TGT,ILE,0 
214_3TGT,PRO,0 
215_3TGT,ILE,0 
216_3TGT,HIS,0 
217_3TGT,TYR,0 
218_3TGT,CYS,0 
219_3TGT,THR,0 
220_3TGT,PRO,0 
221_3TGT,ALA,0 
222_3TGT,GLY,0 
223_3TGT,TYR,0 
224_3TGT,VAL,0 
225_3TGT,ILE,0 
226_3TGT,LEU,0 
227_3TGT,LYS,0 
228_3TGT,CYS,0 
229_3TGT,ASN,0 
230_3TGT,ASP,0 
231_3TGT,LYS,0 
232_3TGT,ASN,0 
233_3TGT,PHE,0 
234_3TGT,ASN,0 
235_3TGT,GLY,0 
236_3TGT,THR,0 
237_3TGT,GLY,0 
238_3TGT,PRO,0 
239_3TGT,CYS,0 
240_3TGT,LYS,0 
241_3TGT,ASN,0 
242_3TGT,VAL,0 
243_3TGT,SER,0 
244_3TGT,SER,0 
245_3TGT,VAL,0 
246_3TGT,GLN,0 
247_3TGT,CYS,0 
248_3TGT,THR,0 
249_3TGT,HIS,0 
250_3TGT,GLY,0 
251_3TGT,ILE,0 
252_3TGT,LYS,0 
253_3TGT,PRO,0 
254_3TGT,VAL,0 
255_3TGT,VAL,0 
256_3TGT,SER,0 
257_3TGT,THR,0 
258_3TGT,GLN,0 
259_3TGT,LEU,0 
260_3TGT,LEU,0 
261_3TGT,LEU,0 
262_3TGT,ASN,0 
263_3TGT,GLY,0 
264_3TGT,SER,0 
265_3TGT,LEU,0 
266_3TGT,ALA,0 
267_3TGT,GLU,0 
268_3TGT,GLU,0 
269_3TGT,GLU,0 
270_3TGT,ILE,0 
271_3TGT,ILE,0 
272_3TGT,ILE,0 
273_3TGT,ARG,0 
274_3TGT,SER,0 
275_3TGT,GLU,1 
276_3TGT,ASN,0 
277_3TGT,LEU,0 
278_3TGT,THR,0 
279_3TGT,ASN,0 
280_3TGT,ASN,1 
281_3TGT,ALA,1 
282_3TGT,LYS,1 
283_3TGT,THR,1 
284_3TGT,ILE,0 
285_3TGT,ILE,0 
286_3TGT,VAL,0 
287_3TGT,HIS,0 
288_3TGT,LEU,0 
289_3TGT,ASN,0 
290_3TGT,LYS,0 
291_3TGT,SER,0 
292_3TGT,VAL,0 
293_3TGT,GLU,0 
294_3TGT,ILE,0 
295_3TGT,ASN,0 
296_3TGT,CYS,0 
297_3TGT,THR,0 
298_3TGT,ARG,0 
299_3TGT,PRO,0 
300_3TGT,SER,0 
301_3TGT,ASN,0 
324_3TGT,GLY,0 
325_3TGT,ASP,0 
326_3TGT,ILE,0 
327_3TGT,ARG,0 
328_3TGT,LYS,0 
329_3TGT,ALA,0 
330_3TGT,TYR,0 
331_3TGT,CYS,0 
332_3TGT,GLU,0 
333_3TGT,ILE,0 
334_3TGT,ASN,0 
335_3TGT,GLY,0 
336_3TGT,THR,0 
337_3TGT,LYS,0 
338_3TGT,TRP,0 
339_3TGT,ASN,0 
340_3TGT,LYS,0 
341_3TGT,VAL,0 
342_3TGT,LEU,0 
343_3TGT,LYS,0 
344_3TGT,GLN,0 
345_3TGT,VAL,0 
346_3TGT,THR,0 
347_3TGT,GLU,0 
348_3TGT,LYS,0 
349_3TGT,LEU,0 
350_3TGT,LYS,0 
351_3TGT,GLU,0 
352_3TGT,HIS,0 
353_3TGT,PHE,0 
354_3TGT,ASN,0 
355_3TGT,ASN,0 
357_3TGT,LYS,0 
358_3TGT,THR,0 
359_3TGT,ILE,0 
360_3TGT,ILE,0 
361_3TGT,PHE,0 
362_3TGT,GLN,0 
363_3TGT,PRO,0 
364_3TGT,PRO,0 
365_3TGT,SER,1 
366_3TGT,GLY,1 
367_3TGT,GLY,1 
368_3TGT,ASP,1 
369_3TGT,LEU,1 
370_3TGT,GLU,0 
371_3TGT,ILE,1 
372_3TGT,THR,1 
373_3TGT,MET,1 
374_3TGT,HIS,0 
375_3TGT,HIS,0 
376_3TGT,PHE,0 
377_3TGT,ASN,0 
378_3TGT,CYS,0 
379_3TGT,ARG,0 
380_3TGT,GLY,0 
381_3TGT,GLU,0 
382_3TGT,PHE,0 
383_3TGT,PHE,0 
384_3TGT,TYR,1 
385_3TGT,CYS,0 
386_3TGT,ASN,0 
387_3TGT,THR,0 
388_3TGT,THR,0 
389_3TGT,GLN,0 
390_3TGT,LEU,0 
391_3TGT,PHE,0 
392_3TGT,ASN,0 
393_3TGT,ASN,0 
394_3TGT,THR,0 
395_3TGT,CYS,0 
396_3TGT,ILE,0 
408_3TGT,LYS,0 
409_3TGT,GLY,0 
410_3TGT,CYS,0 
411_3TGT,ASN,0 
412_3TGT,GLY,0 
413_3TGT,THR,0 
414_3TGT,ILE,0 
415_3TGT,THR,0 
416_3TGT,LEU,0 
417_3TGT,PRO,0 
418_3TGT,CYS,0 
419_3TGT,LYS,1 
420_3TGT,ILE,1 
421_3TGT,LYS,1 
422_3TGT,GLN,0 
423_3TGT,ILE,1 
424_3TGT,ILE,0 
425_3TGT,ASN,0 
426_3TGT,MET,0 
427_3TGT,TRP,0 
428_3TGT,GLN,0 
429_3TGT,GLY,0 
430_3TGT,THR,0 
431_3TGT,GLY,0 
432_3TGT,GLN,0 
433_3TGT,ALA,0 
434_3TGT,MET,0 
435_3TGT,TYR,0 
436_3TGT,ALA,0 
437_3TGT,PRO,0 
438_3TGT,PRO,0 
439_3TGT,ILE,0 
440_3TGT,ASP,0 
441_3TGT,GLY,0 
442_3TGT,LYS,0 
443_3TGT,ILE,0 
444_3TGT,ASN,0 
445_3TGT,CYS,0 
446_3TGT,VAL,0 
447_3TGT,SER,0 
448_3TGT,ASN,0 
449_3TGT,ILE,0 
450_3TGT,THR,0 
451_3TGT,GLY,0 
452_3TGT,ILE,0 
453_3TGT,LEU,0 
454_3TGT,LEU,0 
455_3TGT,THR,1 
456_3TGT,ARG,0 
457_3TGT,ASP,0 
458_3TGT,GLY,0 
459_3TGT,GLY,0 
460_3TGT,ALA,0 
461_3TGT,ASN,0 
462_3TGT,ASN,0 
463_3TGT,THR,0 
464_3TGT,SER,0 
465_3TGT,ASN,0 
466_3TGT,GLU,0 
467_3TGT,THR,0 
468_3TGT,PHE,0 
469_3TGT,ARG,1 
470_3TGT,PRO,0 
471_3TGT,GLY,0 
472_3TGT,GLY,1 
473_3TGT,GLY,1 
474_3TGT,ASN,1 
475_3TGT,ILE,0 
476_3TGT,LYS,0 
477_3TGT,ASP,0 
478_3TGT,ASN,0 
479_3TGT,TRP,0 
480_3TGT,ARG,1 
481_3TGT,SER,0 
482_3TGT,GLU,0 
483_3TGT,LEU,0 
484_3TGT,TYR,0 
485_3TGT,LYS,0 
486_3TGT,TYR,0 
487_3TGT,LYS,0 
488_3TGT,VAL,0 
489_3TGT,VAL,0 
490_3TGT,GLN,0 
491_3TGT,ILE,0 
492_3TGT,GLU,0 
