301_4BZ1,MET,0 
302_4BZ1,CYS,0 
303_4BZ1,SER,0 
304_4BZ1,GLY,0 
305_4BZ1,LYS,0 
306_4BZ1,PHE,0 
307_4BZ1,SER,0 
308_4BZ1,ILE,0 
309_4BZ1,ASP,0 
310_4BZ1,LYS,0 
311_4BZ1,GLU,0 
312_4BZ1,MET,0 
313_4BZ1,ALA,1 
314_4BZ1,GLU,1 
315_4BZ1,THR,1 
316_4BZ1,GLN,1 
317_4BZ1,HIS,1 
318_4BZ1,GLY,0 
319_4BZ1,THR,1 
320_4BZ1,THR,0 
321_4BZ1,VAL,1 
322_4BZ1,VAL,0 
323_4BZ1,LYS,1 
324_4BZ1,VAL,0 
325_4BZ1,LYS,0 
326_4BZ1,TYR,0 
327_4BZ1,GLU,0 
328_4BZ1,GLY,0 
329_4BZ1,ALA,0 
330_4BZ1,GLY,0 
331_4BZ1,ALA,0 
332_4BZ1,PRO,0 
333_4BZ1,CYS,0 
334_4BZ1,LYS,0 
335_4BZ1,VAL,0 
336_4BZ1,PRO,0 
337_4BZ1,ILE,0 
338_4BZ1,GLU,0 
339_4BZ1,ILE,0 
340_4BZ1,ARG,0 
341_4BZ1,ASP,0 
342_4BZ1,VAL,0 
343_4BZ1,ASN,0 
344_4BZ1,LYS,0 
345_4BZ1,GLU,0 
346_4BZ1,LYS,0 
347_4BZ1,VAL,0 
348_4BZ1,VAL,0 
349_4BZ1,GLY,0 
350_4BZ1,ARG,0 
351_4BZ1,ILE,0 
352_4BZ1,ILE,1 
353_4BZ1,SER,1 
354_4BZ1,SER,0 
355_4BZ1,THR,0 
356_4BZ1,PRO,0 
357_4BZ1,PHE,0 
358_4BZ1,ALA,0 
359_4BZ1,GLU,0 
360_4BZ1,TYR,0 
361_4BZ1,THR,0 
362_4BZ1,ASN,0 
363_4BZ1,SER,0 
364_4BZ1,VAL,0 
365_4BZ1,THR,0 
366_4BZ1,ASN,0 
367_4BZ1,ILE,0 
368_4BZ1,GLU,1 
369_4BZ1,LEU,0 
370_4BZ1,GLU,1 
371_4BZ1,PRO,0 
372_4BZ1,PRO,0 
373_4BZ1,PHE,0 
374_4BZ1,GLY,0 
375_4BZ1,ASP,0 
376_4BZ1,SER,0 
377_4BZ1,TYR,0 
378_4BZ1,ILE,0 
379_4BZ1,VAL,0 
380_4BZ1,ILE,0 
381_4BZ1,GLY,0 
382_4BZ1,VAL,0 
383_4BZ1,GLY,0 
384_4BZ1,ASP,0 
385_4BZ1,SER,0 
386_4BZ1,ALA,0 
387_4BZ1,LEU,0 
388_4BZ1,THR,0 
389_4BZ1,LEU,0 
390_4BZ1,HIS,0 
391_4BZ1,TRP,0 
392_4BZ1,PHE,0 
393_4BZ1,ARG,0 
394_4BZ1,LYS,0 
395_4BZ1,HIS,0 
396_4BZ1,HIS,0 
