5_4KUC,GLN,0 
6_4KUC,TYR,0 
7_4KUC,PRO,0 
8_4KUC,ILE,0 
9_4KUC,ILE,0 
10_4KUC,ASN,0 
11_4KUC,PHE,0 
12_4KUC,THR,0 
13_4KUC,THR,0 
14_4KUC,ALA,0 
15_4KUC,GLY,0 
16_4KUC,ALA,0 
17_4KUC,THR,0 
18_4KUC,VAL,0 
19_4KUC,GLN,0 
20_4KUC,SER,0 
21_4KUC,TYR,0 
22_4KUC,THR,0 
23_4KUC,ASN,0 
24_4KUC,PHE,0 
25_4KUC,ILE,0 
26_4KUC,ARG,0 
27_4KUC,ALA,0 
28_4KUC,VAL,0 
29_4KUC,ARG,0 
30_4KUC,GLY,0 
31_4KUC,ARG,0 
32_4KUC,LEU,0 
33_4KUC,THR,0 
34_4KUC,THR,0 
35_4KUC,GLY,0 
36_4KUC,ALA,0 
37_4KUC,ASP,0 
38_4KUC,VAL,0 
39_4KUC,ARG,0 
40_4KUC,HIS,0 
41_4KUC,GLU,0 
42_4KUC,ILE,0 
43_4KUC,PRO,0 
44_4KUC,VAL,0 
45_4KUC,LEU,0 
46_4KUC,PRO,0 
47_4KUC,ASN,0 
48_4KUC,ARG,0 
49_4KUC,VAL,0 
50_4KUC,GLY,0 
51_4KUC,LEU,0 
52_4KUC,PRO,0 
53_4KUC,ILE,1 
54_4KUC,ASN,0 
55_4KUC,GLN,0 
56_4KUC,ARG,0 
57_4KUC,PHE,0 
58_4KUC,ILE,0 
59_4KUC,LEU,0 
60_4KUC,VAL,0 
61_4KUC,GLU,0 
62_4KUC,LEU,0 
63_4KUC,SER,0 
64_4KUC,ASN,0 
65_4KUC,HIS,0 
66_4KUC,ALA,0 
67_4KUC,GLU,0 
68_4KUC,LEU,0 
69_4KUC,SER,0 
70_4KUC,VAL,0 
71_4KUC,THR,0 
72_4KUC,LEU,0 
73_4KUC,ALA,0 
74_4KUC,LEU,0 
75_4KUC,ASP,0 
76_4KUC,VAL,0 
77_4KUC,THR,0 
78_4KUC,ASN,0 
79_4KUC,ALA,0 
80_4KUC,TYR,0 
81_4KUC,VAL,0 
82_4KUC,VAL,0 
83_4KUC,GLY,0 
84_4KUC,TYR,0 
85_4KUC,ARG,0 
86_4KUC,ALA,0 
87_4KUC,GLY,0 
88_4KUC,ASN,0 
89_4KUC,SER,0 
90_4KUC,ALA,0 
91_4KUC,TYR,0 
92_4KUC,PHE,1 
93_4KUC,PHE,0 
94_4KUC,HIS,0 
95_4KUC,PRO,0 
96_4KUC,ASP,0 
97_4KUC,ASN,0 
98_4KUC,GLN,1 
99_4KUC,GLU,1 
100_4KUC,ASP,0 
101_4KUC,ALA,1 
102_4KUC,GLU,1 
103_4KUC,ALA,0 
104_4KUC,ILE,0 
105_4KUC,THR,1 
106_4KUC,HIS,1 
107_4KUC,LEU,0 
108_4KUC,PHE,0 
109_4KUC,THR,1 
110_4KUC,ASP,0 
111_4KUC,VAL,0 
112_4KUC,GLN,1 
113_4KUC,ASN,1 
114_4KUC,ARG,1 
115_4KUC,TYR,0 
116_4KUC,THR,1 
117_4KUC,PHE,0 
118_4KUC,ALA,0 
119_4KUC,PHE,0 
120_4KUC,GLY,0 
121_4KUC,GLY,0 
122_4KUC,ASN,0 
123_4KUC,TYR,0 
124_4KUC,ASP,0 
125_4KUC,ARG,0 
126_4KUC,LEU,0 
127_4KUC,GLU,0 
128_4KUC,GLN,0 
129_4KUC,LEU,0 
130_4KUC,ALA,0 
131_4KUC,GLY,0 
132_4KUC,ASN,0 
133_4KUC,LEU,0 
134_4KUC,ARG,0 
135_4KUC,GLU,0 
136_4KUC,ASN,0 
137_4KUC,ILE,0 
138_4KUC,GLU,0 
139_4KUC,LEU,0 
140_4KUC,GLY,0 
141_4KUC,ASN,0 
142_4KUC,GLY,0 
143_4KUC,PRO,0 
144_4KUC,LEU,0 
145_4KUC,GLU,0 
146_4KUC,GLU,0 
147_4KUC,ALA,0 
148_4KUC,ILE,0 
149_4KUC,SER,0 
150_4KUC,ALA,0 
151_4KUC,LEU,0 
152_4KUC,TYR,0 
153_4KUC,TYR,0 
154_4KUC,TYR,0 
155_4KUC,SER,0 
156_4KUC,THR,0 
157_4KUC,GLY,0 
158_4KUC,GLY,0 
159_4KUC,THR,0 
160_4KUC,GLN,0 
161_4KUC,LEU,0 
162_4KUC,PRO,0 
163_4KUC,THR,0 
164_4KUC,LEU,0 
165_4KUC,ALA,0 
166_4KUC,ARG,0 
167_4KUC,SER,0 
168_4KUC,PHE,0 
169_4KUC,ILE,0 
170_4KUC,ILE,0 
171_4KUC,CYS,0 
172_4KUC,ILE,0 
173_4KUC,GLN,0 
174_4KUC,MET,0 
175_4KUC,ILE,0 
176_4KUC,SER,0 
177_4KUC,GLU,0 
178_4KUC,ALA,0 
179_4KUC,ALA,0 
180_4KUC,ARG,0 
181_4KUC,PHE,0 
182_4KUC,GLN,0 
183_4KUC,TYR,0 
184_4KUC,ILE,0 
185_4KUC,GLU,0 
186_4KUC,GLY,0 
187_4KUC,GLU,0 
188_4KUC,MET,0 
189_4KUC,ARG,0 
190_4KUC,THR,0 
191_4KUC,ARG,0 
192_4KUC,ILE,0 
193_4KUC,ARG,0 
194_4KUC,TYR,0 
195_4KUC,ASN,0 
196_4KUC,ARG,0 
197_4KUC,ARG,0 
198_4KUC,SER,0 
199_4KUC,ALA,0 
200_4KUC,PRO,0 
201_4KUC,ASP,0 
202_4KUC,PRO,0 
203_4KUC,SER,0 
204_4KUC,VAL,0 
205_4KUC,ILE,0 
206_4KUC,THR,0 
207_4KUC,LEU,0 
208_4KUC,GLU,0 
209_4KUC,ASN,0 
210_4KUC,SER,0 
211_4KUC,TRP,0 
212_4KUC,GLY,0 
213_4KUC,ARG,0 
214_4KUC,LEU,0 
215_4KUC,SER,0 
216_4KUC,THR,0 
217_4KUC,ALA,0 
218_4KUC,ILE,0 
219_4KUC,GLN,0 
220_4KUC,GLU,0 
221_4KUC,SER,0 
222_4KUC,ASN,0 
223_4KUC,GLN,0 
224_4KUC,GLY,0 
225_4KUC,ALA,0 
226_4KUC,PHE,0 
227_4KUC,ALA,0 
228_4KUC,SER,0 
229_4KUC,PRO,0 
230_4KUC,ILE,0 
231_4KUC,GLN,0 
232_4KUC,LEU,0 
233_4KUC,GLN,0 
234_4KUC,ARG,0 
235_4KUC,ARG,0 
236_4KUC,ASN,0 
237_4KUC,GLY,0 
238_4KUC,SER,0 
239_4KUC,LYS,0 
240_4KUC,PHE,0 
241_4KUC,SER,0 
242_4KUC,VAL,0 
243_4KUC,TYR,0 
244_4KUC,ASP,0 
245_4KUC,VAL,0 
246_4KUC,SER,0 
247_4KUC,ILE,0 
248_4KUC,LEU,0 
249_4KUC,ILE,0 
250_4KUC,PRO,0 
251_4KUC,ILE,0 
252_4KUC,ILE,0 
253_4KUC,ALA,0 
254_4KUC,LEU,0 
255_4KUC,MET,0 
256_4KUC,VAL,0 
257_4KUC,TYR,0 
258_4KUC,ARG,0 
259_4KUC,CYS,0 
260_4KUC,ALA,0 
261_4KUC,PRO,0 
262_4KUC,PRO,0 
263_4KUC,PRO,0 
