202_1RJL,THR,0 
203_1RJL,VAL,0 
204_1RJL,GLU,0 
205_1RJL,ILE,0 
206_1RJL,LYS,0 
207_1RJL,GLU,0 
208_1RJL,GLY,0 
209_1RJL,THR,0 
210_1RJL,VAL,0 
211_1RJL,THR,0 
212_1RJL,LEU,0 
213_1RJL,LYS,0 
214_1RJL,ARG,0 
215_1RJL,GLU,0 
216_1RJL,ILE,0 
217_1RJL,GLU,0 
218_1RJL,LYS,0 
219_1RJL,ASP,0 
220_1RJL,GLY,0 
221_1RJL,LYS,0 
222_1RJL,VAL,0 
223_1RJL,LYS,0 
224_1RJL,VAL,0 
225_1RJL,PHE,0 
226_1RJL,LEU,0 
227_1RJL,ASN,0 
228_1RJL,ASP,0 
229_1RJL,THR,0 
230_1RJL,ALA,0 
231_1RJL,GLY,0 
232_1RJL,SER,1 
233_1RJL,ASN,1 
234_1RJL,LYS,0 
235_1RJL,LYS,0 
236_1RJL,THR,0 
237_1RJL,GLY,0 
238_1RJL,LYS,0 
239_1RJL,TRP,0 
240_1RJL,GLU,0 
241_1RJL,ASP,0 
242_1RJL,SER,0 
243_1RJL,THR,0 
244_1RJL,SER,0 
245_1RJL,THR,0 
246_1RJL,LEU,0 
247_1RJL,THR,0 
248_1RJL,ILE,0 
249_1RJL,SER,0 
250_1RJL,ALA,1 
251_1RJL,ASP,1 
252_1RJL,SER,1 
253_1RJL,LYS,1 
254_1RJL,LYS,1 
255_1RJL,THR,0 
256_1RJL,LYS,0 
257_1RJL,ASP,0 
258_1RJL,LEU,0 
259_1RJL,VAL,0 
260_1RJL,PHE,0 
261_1RJL,LEU,0 
262_1RJL,THR,0 
263_1RJL,ASP,0 
264_1RJL,GLY,0 
265_1RJL,THR,0 
266_1RJL,ILE,0 
267_1RJL,THR,0 
268_1RJL,VAL,0 
269_1RJL,GLN,0 
270_1RJL,GLN,0 
271_1RJL,TYR,0 
272_1RJL,ASN,1 
273_1RJL,THR,1 
274_1RJL,ALA,1 
275_1RJL,GLY,1 
276_1RJL,THR,1 
277_1RJL,SER,1 
278_1RJL,LEU,0 
279_1RJL,GLU,0 
280_1RJL,GLY,0 
281_1RJL,SER,0 
282_1RJL,ALA,0 
283_1RJL,SER,0 
284_1RJL,GLU,0 
285_1RJL,ILE,0 
286_1RJL,LYS,0 
287_1RJL,ASN,0 
288_1RJL,LEU,0 
289_1RJL,SER,0 
290_1RJL,GLU,0 
291_1RJL,LEU,0 
292_1RJL,LYS,0 
293_1RJL,ASN,0 
294_1RJL,ALA,0 
295_1RJL,LEU,0 
296_1RJL,LYS,0 
