2_4RGM,SER,0 
3_4RGM,GLN,0 
4_4RGM,PRO,0 
5_4RGM,ASP,0 
6_4RGM,PRO,0 
7_4RGM,LYS,0 
8_4RGM,PRO,0 
9_4RGM,ASP,0 
10_4RGM,GLU,0 
11_4RGM,LEU,0 
12_4RGM,HIS,0 
13_4RGM,LYS,0 
14_4RGM,SER,0 
15_4RGM,SER,0 
16_4RGM,LYS,0 
17_4RGM,PHE,0 
18_4RGM,THR,1 
19_4RGM,GLY,1 
20_4RGM,LEU,1 
21_4RGM,MET,0 
22_4RGM,GLU,1 
23_4RGM,ASN,1 
24_4RGM,MET,0 
25_4RGM,LYS,0 
26_4RGM,VAL,1 
27_4RGM,LEU,0 
28_4RGM,TYR,0 
29_4RGM,ASP,1 
30_4RGM,ASP,1 
31_4RGM,ASN,1 
32_4RGM,HIS,0 
33_4RGM,VAL,0 
34_4RGM,SER,0 
35_4RGM,ALA,0 
36_4RGM,ILE,0 
37_4RGM,ASN,0 
38_4RGM,VAL,0 
39_4RGM,LYS,0 
40_4RGM,SER,0 
41_4RGM,ILE,0 
42_4RGM,ASP,0 
43_4RGM,GLN,0 
44_4RGM,PHE,0 
45_4RGM,LEU,0 
46_4RGM,TYR,0 
47_4RGM,PHE,0 
48_4RGM,ASP,0 
49_4RGM,LEU,0 
50_4RGM,ILE,0 
51_4RGM,TYR,0 
52_4RGM,SER,0 
53_4RGM,ILE,0 
54_4RGM,LYS,0 
55_4RGM,ASP,0 
56_4RGM,THR,0 
57_4RGM,LYS,0 
58_4RGM,LEU,1 
59_4RGM,GLY,1 
60_4RGM,ASN,1 
61_4RGM,TYR,0 
62_4RGM,ASP,0 
63_4RGM,ASN,0 
64_4RGM,VAL,0 
65_4RGM,ARG,0 
66_4RGM,VAL,0 
67_4RGM,GLU,0 
68_4RGM,PHE,0 
69_4RGM,LYS,0 
70_4RGM,ASN,0 
71_4RGM,LYS,0 
72_4RGM,ASP,0 
73_4RGM,LEU,0 
74_4RGM,ALA,0 
75_4RGM,ASP,0 
76_4RGM,LYS,0 
77_4RGM,TYR,0 
78_4RGM,LYS,0 
79_4RGM,ASP,0 
80_4RGM,LYS,0 
81_4RGM,TYR,0 
82_4RGM,VAL,0 
83_4RGM,ASP,0 
84_4RGM,VAL,0 
85_4RGM,PHE,0 
86_4RGM,GLY,0 
87_4RGM,ALA,0 
88_4RGM,ASN,1 
89_4RGM,TYR,0 
90_4RGM,TYR,1 
91_4RGM,TYR,0 
92_4RGM,GLN,0 
93_4RGM,CYS,0 
94_4RGM,TYR,0 
95_4RGM,PHE,0 
96_4RGM,SER,0 
109_4RGM,LYS,0 
110_4RGM,ARG,1 
111_4RGM,LYS,0 
112_4RGM,THR,0 
113_4RGM,CYS,0 
114_4RGM,MET,0 
115_4RGM,TYR,0 
116_4RGM,GLY,0 
117_4RGM,GLY,0 
118_4RGM,VAL,0 
119_4RGM,THR,0 
120_4RGM,GLU,0 
121_4RGM,HIS,0 
122_4RGM,ASN,0 
123_4RGM,GLY,0 
124_4RGM,ASN,0 
125_4RGM,GLN,0 
126_4RGM,LEU,0 
127_4RGM,ASP,0 
128_4RGM,LYS,0 
129_4RGM,TYR,0 
130_4RGM,ARG,0 
131_4RGM,SER,0 
132_4RGM,ILE,0 
133_4RGM,THR,0 
134_4RGM,VAL,0 
135_4RGM,ARG,0 
136_4RGM,VAL,0 
137_4RGM,PHE,0 
138_4RGM,GLU,0 
139_4RGM,ASP,0 
140_4RGM,GLY,0 
141_4RGM,LYS,0 
142_4RGM,ASN,0 
143_4RGM,LEU,0 
144_4RGM,LEU,0 
145_4RGM,SER,0 
146_4RGM,PHE,0 
147_4RGM,ASP,0 
148_4RGM,VAL,0 
149_4RGM,GLN,0 
150_4RGM,THR,0 
151_4RGM,ASN,0 
152_4RGM,LYS,0 
153_4RGM,LYS,0 
154_4RGM,LYS,0 
155_4RGM,VAL,0 
156_4RGM,THR,0 
157_4RGM,ALA,0 
158_4RGM,GLN,0 
159_4RGM,GLU,0 
160_4RGM,LEU,0 
161_4RGM,ASP,0 
162_4RGM,TYR,0 
163_4RGM,LEU,0 
164_4RGM,THR,0 
165_4RGM,ARG,0 
166_4RGM,HIS,0 
167_4RGM,TYR,0 
168_4RGM,LEU,0 
169_4RGM,VAL,0 
170_4RGM,LYS,0 
171_4RGM,ASN,0 
172_4RGM,LYS,0 
173_4RGM,LYS,0 
174_4RGM,LEU,0 
175_4RGM,TYR,0 
176_4RGM,GLU,0 
177_4RGM,PHE,1 
178_4RGM,ASN,1 
179_4RGM,ASN,0 
180_4RGM,SER,0 
181_4RGM,PRO,0 
182_4RGM,TYR,0 
183_4RGM,GLU,0 
184_4RGM,THR,0 
185_4RGM,GLY,0 
186_4RGM,TYR,0 
187_4RGM,ILE,0 
188_4RGM,LYS,0 
189_4RGM,PHE,0 
190_4RGM,ILE,0 
191_4RGM,GLU,0 
192_4RGM,ASN,0 
193_4RGM,GLU,0 
194_4RGM,ASN,0 
195_4RGM,SER,0 
196_4RGM,PHE,0 
197_4RGM,TRP,0 
198_4RGM,TYR,0 
199_4RGM,ASP,0 
200_4RGM,MET,0 
201_4RGM,MET,0 
202_4RGM,PRO,0 
203_4RGM,ALA,0 
204_4RGM,PRO,0 
205_4RGM,GLY,0 
206_4RGM,ASP,0 
207_4RGM,LYS,0 
208_4RGM,PHE,0 
209_4RGM,ASP,0 
210_4RGM,GLN,0 
211_4RGM,SER,0 
212_4RGM,LYS,0 
213_4RGM,TYR,0 
214_4RGM,LEU,0 
215_4RGM,MET,0 
216_4RGM,MET,0 
217_4RGM,TYR,0 
218_4RGM,ASN,0 
219_4RGM,ASP,0 
220_4RGM,ASN,0 
221_4RGM,LYS,0 
222_4RGM,MET,0 
223_4RGM,VAL,0 
224_4RGM,ASP,0 
225_4RGM,SER,0 
226_4RGM,LYS,0 
227_4RGM,ASP,0 
228_4RGM,VAL,0 
229_4RGM,LYS,0 
230_4RGM,ILE,0 
231_4RGM,GLU,0 
232_4RGM,VAL,0 
233_4RGM,TYR,0 
234_4RGM,LEU,0 
235_4RGM,THR,0 
236_4RGM,THR,0 
237_4RGM,LYS,0 
