16_6UJ1,LEU,0 
17_6UJ1,ALA,0 
18_6UJ1,MET,0 
19_6UJ1,VAL,0 
20_6UJ1,ASP,0 
21_6UJ1,ASN,0 
22_6UJ1,LEU,0 
23_6UJ1,GLN,0 
24_6UJ1,GLY,0 
25_6UJ1,ASP,0 
26_6UJ1,SER,0 
27_6UJ1,GLY,0 
28_6UJ1,ARG,0 
29_6UJ1,GLY,0 
30_6UJ1,TYR,0 
31_6UJ1,TYR,0 
32_6UJ1,LEU,0 
33_6UJ1,GLU,0 
34_6UJ1,MET,0 
35_6UJ1,LEU,0 
36_6UJ1,ILE,0 
37_6UJ1,GLY,0 
38_6UJ1,THR,0 
39_6UJ1,PRO,0 
40_6UJ1,PRO,0 
41_6UJ1,GLN,0 
42_6UJ1,LYS,0 
43_6UJ1,LEU,0 
44_6UJ1,GLN,0 
45_6UJ1,ILE,0 
46_6UJ1,LEU,0 
47_6UJ1,VAL,0 
48_6UJ1,ASP,0 
49_6UJ1,THR,0 
50_6UJ1,GLY,0 
51_6UJ1,SER,0 
52_6UJ1,SER,0 
53_6UJ1,ASN,0 
54_6UJ1,PHE,0 
55_6UJ1,ALA,0 
56_6UJ1,VAL,0 
57_6UJ1,ALA,0 
58_6UJ1,GLY,0 
59_6UJ1,THR,0 
60_6UJ1,PRO,0 
61_6UJ1,HIS,0 
62_6UJ1,SER,0 
63_6UJ1,TYR,0 
64_6UJ1,ILE,0 
65_6UJ1,ASP,0 
66_6UJ1,THR,0 
67_6UJ1,TYR,0 
68_6UJ1,PHE,0 
69_6UJ1,ASP,0 
70_6UJ1,THR,0 
71_6UJ1,GLU,0 
72_6UJ1,ARG,0 
73_6UJ1,SER,0 
74_6UJ1,SER,0 
75_6UJ1,THR,0 
76_6UJ1,TYR,0 
77_6UJ1,ARG,0 
78_6UJ1,SER,0 
79_6UJ1,LYS,0 
80_6UJ1,GLY,0 
81_6UJ1,PHE,0 
82_6UJ1,ASP,0 
83_6UJ1,VAL,0 
84_6UJ1,THR,0 
85_6UJ1,VAL,0 
86_6UJ1,LYS,0 
87_6UJ1,TYR,0 
88_6UJ1,THR,0 
89_6UJ1,GLN,0 
90_6UJ1,GLY,0 
91_6UJ1,SER,0 
92_6UJ1,TRP,0 
93_6UJ1,THR,0 
94_6UJ1,GLY,0 
95_6UJ1,PHE,0 
96_6UJ1,VAL,0 
97_6UJ1,GLY,0 
98_6UJ1,GLU,0 
99_6UJ1,ASP,0 
100_6UJ1,LEU,0 
101_6UJ1,VAL,0 
102_6UJ1,THR,0 
103_6UJ1,ILE,0 
104_6UJ1,PRO,0 
105_6UJ1,LYS,0 
106_6UJ1,GLY,0 
107_6UJ1,PHE,0 
108_6UJ1,ASN,0 
109_6UJ1,THR,0 
110_6UJ1,SER,0 
111_6UJ1,PHE,0 
112_6UJ1,LEU,0 
113_6UJ1,VAL,0 
114_6UJ1,ASN,0 
115_6UJ1,ILE,0 
116_6UJ1,ALA,0 
117_6UJ1,THR,0 
118_6UJ1,ILE,0 
119_6UJ1,PHE,0 
120_6UJ1,GLU,0 
121_6UJ1,SER,0 
122_6UJ1,GLU,0 
123_6UJ1,ASN,0 
124_6UJ1,PHE,0 
125_6UJ1,PHE,0 
126_6UJ1,LEU,0 
127_6UJ1,PRO,0 
128_6UJ1,GLY,0 
129_6UJ1,ILE,0 
130_6UJ1,LYS,0 
131_6UJ1,TRP,0 
132_6UJ1,ASN,0 
133_6UJ1,GLY,0 
134_6UJ1,ILE,0 
135_6UJ1,LEU,0 
136_6UJ1,GLY,0 
137_6UJ1,LEU,0 
138_6UJ1,ALA,0 
139_6UJ1,TYR,0 
140_6UJ1,ALA,0 
141_6UJ1,THR,0 
142_6UJ1,LEU,0 
143_6UJ1,ALA,0 
144_6UJ1,LYS,0 
145_6UJ1,PRO,0 
146_6UJ1,SER,0 
147_6UJ1,SER,0 
148_6UJ1,SER,0 
149_6UJ1,LEU,0 
150_6UJ1,GLU,0 
151_6UJ1,THR,0 
152_6UJ1,PHE,0 
153_6UJ1,PHE,0 
154_6UJ1,ASP,0 
155_6UJ1,SER,0 
156_6UJ1,LEU,0 
157_6UJ1,VAL,0 
158_6UJ1,THR,0 
159_6UJ1,GLN,0 
160_6UJ1,ALA,0 
161_6UJ1,ASN,0 
162_6UJ1,ILE,0 
163_6UJ1,PRO,0 
164_6UJ1,ASN,0 
165_6UJ1,VAL,0 
166_6UJ1,PHE,0 
167_6UJ1,SER,0 
168_6UJ1,MET,0 
169_6UJ1,GLN,0 
170_6UJ1,MET,0 
171_6UJ1,CYS,0 
172_6UJ1,GLY,0 
173_6UJ1,ALA,0 
174_6UJ1,GLY,0 
175_6UJ1,LEU,0 
176_6UJ1,PRO,0 
181_6UJ1,GLY,0 
182_6UJ1,THR,0 
183_6UJ1,ASN,0 
184_6UJ1,GLY,0 
185_6UJ1,GLY,0 
186_6UJ1,SER,0 
187_6UJ1,LEU,0 
188_6UJ1,VAL,0 
189_6UJ1,LEU,0 
190_6UJ1,GLY,0 
191_6UJ1,GLY,0 
192_6UJ1,ILE,0 
193_6UJ1,GLU,0 
194_6UJ1,PRO,0 
195_6UJ1,SER,0 
196_6UJ1,LEU,0 
197_6UJ1,TYR,0 
198_6UJ1,LYS,0 
199_6UJ1,GLY,0 
200_6UJ1,ASP,0 
201_6UJ1,ILE,0 
202_6UJ1,TRP,0 
203_6UJ1,TYR,0 
204_6UJ1,THR,0 
205_6UJ1,PRO,0 
206_6UJ1,ILE,0 
207_6UJ1,LYS,0 
208_6UJ1,GLU,0 
209_6UJ1,GLU,0 
210_6UJ1,TRP,0 
211_6UJ1,TYR,0 
212_6UJ1,TYR,0 
213_6UJ1,GLN,0 
214_6UJ1,ILE,0 
215_6UJ1,GLU,0 
216_6UJ1,ILE,0 
217_6UJ1,LEU,0 
218_6UJ1,LYS,0 
219_6UJ1,LEU,0 
220_6UJ1,GLU,0 
221_6UJ1,ILE,0 
222_6UJ1,GLY,0 
223_6UJ1,GLY,0 
224_6UJ1,GLN,0 
225_6UJ1,SER,0 
226_6UJ1,LEU,0 
227_6UJ1,ASN,0 
228_6UJ1,LEU,0 
229_6UJ1,ASP,0 
230_6UJ1,CYS,0 
231_6UJ1,ARG,0 
232_6UJ1,GLU,0 
233_6UJ1,TYR,0 
234_6UJ1,ASN,0 
235_6UJ1,ALA,0 
236_6UJ1,ASP,0 
237_6UJ1,LYS,0 
238_6UJ1,ALA,0 
239_6UJ1,ILE,0 
240_6UJ1,VAL,0 
241_6UJ1,ASP,0 
242_6UJ1,SER,0 
243_6UJ1,GLY,0 
244_6UJ1,THR,0 
245_6UJ1,THR,0 
246_6UJ1,LEU,0 
247_6UJ1,LEU,0 
248_6UJ1,ARG,0 
249_6UJ1,LEU,0 
250_6UJ1,PRO,0 
251_6UJ1,GLN,0 
252_6UJ1,LYS,0 
253_6UJ1,VAL,0 
254_6UJ1,PHE,1 
255_6UJ1,ASP,1 
256_6UJ1,ALA,0 
257_6UJ1,VAL,0 
258_6UJ1,VAL,1 
259_6UJ1,GLU,1 
260_6UJ1,ALA,0 
261_6UJ1,VAL,1 
262_6UJ1,ALA,1 
263_6UJ1,ARG,1 
264_6UJ1,ALA,0 
265_6UJ1,SER,1 
270_6UJ1,PHE,1 
271_6UJ1,SER,1 
272_6UJ1,ASP,1 
273_6UJ1,GLY,0 
274_6UJ1,PHE,0 
275_6UJ1,TRP,1 
276_6UJ1,THR,1 
277_6UJ1,GLY,1 
278_6UJ1,SER,1 
279_6UJ1,GLN,0 
280_6UJ1,LEU,1 
281_6UJ1,ALA,1 
282_6UJ1,CYS,0 
283_6UJ1,TRP,1 
284_6UJ1,THR,0 
285_6UJ1,ASN,0 
286_6UJ1,SER,0 
287_6UJ1,GLU,0 
288_6UJ1,THR,0 
289_6UJ1,PRO,1 
290_6UJ1,TRP,0 
291_6UJ1,SER,0 
292_6UJ1,TYR,0 
293_6UJ1,PHE,1 
294_6UJ1,PRO,0 
295_6UJ1,LYS,0 
296_6UJ1,ILE,0 
297_6UJ1,SER,0 
298_6UJ1,ILE,0 
299_6UJ1,TYR,0 
300_6UJ1,LEU,0 
301_6UJ1,ARG,0 
302_6UJ1,ASP,0 
303_6UJ1,GLU,0 
304_6UJ1,ASN,0 
305_6UJ1,SER,0 
306_6UJ1,SER,0 
307_6UJ1,ARG,0 
308_6UJ1,SER,0 
309_6UJ1,PHE,0 
310_6UJ1,ARG,0 
311_6UJ1,ILE,0 
312_6UJ1,THR,0 
313_6UJ1,ILE,0 
314_6UJ1,LEU,0 
315_6UJ1,PRO,0 
316_6UJ1,GLN,0 
317_6UJ1,LEU,0 
318_6UJ1,TYR,0 
319_6UJ1,ILE,1 
320_6UJ1,GLN,0 
321_6UJ1,PRO,0 
322_6UJ1,MET,0 
327_6UJ1,LEU,0 
328_6UJ1,ASN,0 
329_6UJ1,TYR,0 
330_6UJ1,GLU,0 
331_6UJ1,CYS,0 
332_6UJ1,TYR,1 
333_6UJ1,ARG,0 
334_6UJ1,PHE,1 
335_6UJ1,GLY,0 
336_6UJ1,ILE,0 
337_6UJ1,SER,0 
338_6UJ1,PRO,0 
339_6UJ1,SER,0 
340_6UJ1,THR,0 
341_6UJ1,ASN,0 
342_6UJ1,ALA,0 
343_6UJ1,LEU,0 
344_6UJ1,VAL,0 
345_6UJ1,ILE,0 
346_6UJ1,GLY,0 
347_6UJ1,ALA,0 
348_6UJ1,THR,0 
349_6UJ1,VAL,0 
350_6UJ1,MET,0 
351_6UJ1,GLU,0 
352_6UJ1,GLY,0 
353_6UJ1,PHE,0 
354_6UJ1,TYR,0 
355_6UJ1,VAL,0 
356_6UJ1,ILE,0 
357_6UJ1,PHE,0 
358_6UJ1,ASP,0 
359_6UJ1,ARG,0 
360_6UJ1,ALA,0 
361_6UJ1,GLN,0 
362_6UJ1,LYS,0 
363_6UJ1,ARG,0 
364_6UJ1,VAL,0 
365_6UJ1,GLY,0 
366_6UJ1,PHE,0 
367_6UJ1,ALA,0 
368_6UJ1,ALA,0 
369_6UJ1,SER,0 
370_6UJ1,PRO,0 
371_6UJ1,CYS,0 
372_6UJ1,ALA,0 
373_6UJ1,GLU,0 
374_6UJ1,ILE,0 
375_6UJ1,ALA,0 
376_6UJ1,GLY,0 
377_6UJ1,ALA,0 
378_6UJ1,ALA,0 
379_6UJ1,VAL,0 
380_6UJ1,SER,0 
381_6UJ1,GLU,0 
382_6UJ1,ILE,0 
383_6UJ1,SER,0 
384_6UJ1,GLY,0 
385_6UJ1,PRO,0 
386_6UJ1,PHE,0 
387_6UJ1,SER,0 
388_6UJ1,THR,0 
392_6UJ1,ALA,0 
393_6UJ1,SER,0 
394_6UJ1,ASN,0 
395_6UJ1,CYS,0 
396_6UJ1,VAL,0 
397_6UJ1,PRO,0 
